transaction_description,categories_found
CVS,"Healthcare & Medical, Shopping & Retail"
CVS #1045,"Healthcare & Medical, Shopping & Retail"
CVS #1199,"Shopping & Retail, Healthcare & Medical"
CVS #1288,"Healthcare & Medical, Shopping & Retail"
CVS #1614,"Healthcare & Medical, Shopping & Retail"
CVS #1742,"Shopping & Retail, Healthcare & Medical"
CVS #1759,"Shopping & Retail, Healthcare & Medical"
CVS #2004,"Shopping & Retail, Healthcare & Medical"
CVS #2067,"Shopping & Retail, Healthcare & Medical"
CVS #2187,"Shopping & Retail, Healthcare & Medical"
CVS #2289,"Shopping & Retail, Healthcare & Medical"
CVS #2415,"Healthcare & Medical, Shopping & Retail"
CVS #2934,"Healthcare & Medical, Shopping & Retail"
CVS #3071,"Healthcare & Medical, Shopping & Retail"
CVS #3443,"Healthcare & Medical, Shopping & Retail"
CVS #3468,"Healthcare & Medical, Shopping & Retail"
CVS #3912,"Healthcare & Medical, Shopping & Retail"
CVS #4022,"Healthcare & Medical, Shopping & Retail"
CVS #4257,"Healthcare & Medical, Shopping & Retail"
CVS #4703,"Healthcare & Medical, Shopping & Retail"
CVS #5196,"Shopping & Retail, Healthcare & Medical"
CVS #5499,"Healthcare & Medical, Shopping & Retail"
CVS #5807,"Healthcare & Medical, Shopping & Retail"
CVS #6538,"Shopping & Retail, Healthcare & Medical"
CVS #6860,"Shopping & Retail, Healthcare & Medical"
CVS #6874,"Healthcare & Medical, Shopping & Retail"
CVS #6965,"Shopping & Retail, Healthcare & Medical"
CVS #7419,"Healthcare & Medical, Shopping & Retail"
CVS #7836 Store,"Healthcare & Medical, Shopping & Retail"
CVS #8191,"Healthcare & Medical, Shopping & Retail"
CVS #8318,"Healthcare & Medical, Shopping & Retail"
CVS #8550,"Shopping & Retail, Healthcare & Medical"
CVS #8594,"Shopping & Retail, Healthcare & Medical"
CVS #8783,"Healthcare & Medical, Shopping & Retail"
CVS #9070,"Shopping & Retail, Healthcare & Medical"
CVS #9224,"Healthcare & Medical, Shopping & Retail"
CVS #9766,"Healthcare & Medical, Shopping & Retail"
CVS #9839,"Shopping & Retail, Healthcare & Medical"
CVS #9930 Store,"Healthcare & Medical, Shopping & Retail"
CVS (ACH),"Shopping & Retail, Healthcare & Medical"
CVS (App),"Healthcare & Medical, Shopping & Retail"
CVS (Bank Transfer),"Healthcare & Medical, Shopping & Retail"
CVS (Card),"Healthcare & Medical, Shopping & Retail"
CVS (Cash),"Shopping & Retail, Healthcare & Medical"
CVS (Contactless),"Shopping & Retail, Healthcare & Medical"
CVS (Digital Wallet),"Healthcare & Medical, Shopping & Retail"
CVS (Mobile),"Shopping & Retail, Healthcare & Medical"
CVS (Online),"Shopping & Retail, Healthcare & Medical"
CVS (Wire),"Shopping & Retail, Healthcare & Medical"
CVS - AUSTRALIA,"Shopping & Retail, Healthcare & Medical"
CVS - AUSTRALIA (App),"Healthcare & Medical, Shopping & Retail"
CVS - AUSTRALIA (Card),"Shopping & Retail, Healthcare & Medical"
CVS - AUSTRALIA (Cash),"Healthcare & Medical, Shopping & Retail"
CVS - AUSTRALIA (Digital Wallet),"Healthcare & Medical, Shopping & Retail"
CVS - AUSTRALIA (Mobile),"Shopping & Retail, Healthcare & Medical"
CVS - AUSTRALIA (Online),"Healthcare & Medical, Shopping & Retail"
CVS - AUSTRALIA (Wire),"Shopping & Retail, Healthcare & Medical"
CVS - AUSTRALIA - Afternoon,"Healthcare & Medical, Shopping & Retail"
CVS - AUSTRALIA - Dinner Time,"Healthcare & Medical, Shopping & Retail"
CVS - AUSTRALIA - Evening,"Healthcare & Medical, Shopping & Retail"
CVS - AUSTRALIA - Lunch Time,"Healthcare & Medical, Shopping & Retail"
CVS - AUSTRALIA - Morning,"Healthcare & Medical, Shopping & Retail"
CVS - AUSTRALIA - Rush Hour,"Healthcare & Medical, Shopping & Retail"
CVS - AUSTRALIA - Weekday,"Shopping & Retail, Healthcare & Medical"
CVS - AUSTRALIA - Weekend,"Shopping & Retail, Healthcare & Medical"
CVS - AUSTRALIA Airport,"Healthcare & Medical, Shopping & Retail"
CVS - AUSTRALIA Branch,"Shopping & Retail, Healthcare & Medical"
CVS - AUSTRALIA Branch (Wire),"Healthcare & Medical, Shopping & Retail"
CVS - AUSTRALIA Business District,"Shopping & Retail, Healthcare & Medical"
CVS - AUSTRALIA Campus,"Shopping & Retail, Healthcare & Medical"
CVS - AUSTRALIA Center,"Shopping & Retail, Healthcare & Medical"
CVS - AUSTRALIA Downtown,"Shopping & Retail, Healthcare & Medical"
CVS - AUSTRALIA Hospital,"Shopping & Retail, Healthcare & Medical"
CVS - AUSTRALIA Mall,"Shopping & Retail, Healthcare & Medical"
CVS - AUSTRALIA Online,"Healthcare & Medical, Shopping & Retail"
CVS - AUSTRALIA Online Downtown,"Shopping & Retail, Healthcare & Medical"
CVS - AUSTRALIA Residential,"Shopping & Retail, Healthcare & Medical"
CVS - AUSTRALIA Shopping Center,"Shopping & Retail, Healthcare & Medical"
CVS - AUSTRALIA Station,"Shopping & Retail, Healthcare & Medical"
CVS - AUSTRALIA Store,"Shopping & Retail, Healthcare & Medical"
CVS - AUSTRALIA Store (Digital Wallet),"Shopping & Retail, Healthcare & Medical"
CVS - AUSTRALIA Store - Dinner Time,"Shopping & Retail, Healthcare & Medical"
CVS - AUSTRALIA Store - Evening,"Healthcare & Medical, Shopping & Retail"
CVS - AUSTRALIA Store - Holiday,"Healthcare & Medical, Shopping & Retail"
CVS - AUSTRALIA Store Airport,"Healthcare & Medical, Shopping & Retail"
CVS - AUSTRALIA Store Residential,"Shopping & Retail, Healthcare & Medical"
CVS - AUSTRALIA Strip Mall,"Shopping & Retail, Healthcare & Medical"
CVS - Afternoon,"Shopping & Retail, Healthcare & Medical"
CVS - CANADA,"Healthcare & Medical, Shopping & Retail"
CVS - CANADA (ACH),"Healthcare & Medical, Shopping & Retail"
CVS - CANADA (App),"Healthcare & Medical, Shopping & Retail"
CVS - CANADA (Bank Transfer),"Healthcare & Medical, Shopping & Retail"
CVS - CANADA (Card),"Shopping & Retail, Healthcare & Medical"
CVS - CANADA (Cash),"Healthcare & Medical, Shopping & Retail"
CVS - CANADA (Mobile),"Healthcare & Medical, Shopping & Retail"
CVS - CANADA - Afternoon,"Shopping & Retail, Healthcare & Medical"
CVS - CANADA - Dinner Time,"Shopping & Retail, Healthcare & Medical"
CVS - CANADA - Evening,"Healthcare & Medical, Shopping & Retail"
CVS - CANADA - Holiday,"Shopping & Retail, Healthcare & Medical"
CVS - CANADA - Lunch Time,"Shopping & Retail, Healthcare & Medical"
CVS - CANADA - Rush Hour,"Healthcare & Medical, Shopping & Retail"
CVS - CANADA - Weekend,"Shopping & Retail, Healthcare & Medical"
CVS - CANADA Branch,"Healthcare & Medical, Shopping & Retail"
CVS - CANADA Business District,"Shopping & Retail, Healthcare & Medical"
CVS - CANADA Center,"Shopping & Retail, Healthcare & Medical"
CVS - CANADA Downtown,"Healthcare & Medical, Shopping & Retail"
CVS - CANADA Hospital,"Healthcare & Medical, Shopping & Retail"
CVS - CANADA Mall,"Shopping & Retail, Healthcare & Medical"
CVS - CANADA Online,"Shopping & Retail, Healthcare & Medical"
CVS - CANADA Online - Weekday,"Shopping & Retail, Healthcare & Medical"
CVS - CANADA Online Mall,"Healthcare & Medical, Shopping & Retail"
CVS - CANADA Residential,"Healthcare & Medical, Shopping & Retail"
CVS - CANADA Shopping Center,"Shopping & Retail, Healthcare & Medical"
CVS - CANADA Store,"Healthcare & Medical, Shopping & Retail"
CVS - CANADA Store Center,"Healthcare & Medical, Shopping & Retail"
CVS - CANADA Strip Mall,"Shopping & Retail, Healthcare & Medical"
CVS - Dinner Time,"Shopping & Retail, Healthcare & Medical"
CVS - Evening,"Shopping & Retail, Healthcare & Medical"
CVS - Holiday,"Shopping & Retail, Healthcare & Medical"
CVS - INDIA,"Shopping & Retail, Healthcare & Medical"
CVS - INDIA (App),"Shopping & Retail, Healthcare & Medical"
CVS - INDIA (Bank Transfer),"Healthcare & Medical, Shopping & Retail"
CVS - INDIA (Card),"Healthcare & Medical, Shopping & Retail"
CVS - INDIA (Cash),"Healthcare & Medical, Shopping & Retail"
CVS - INDIA (Digital Wallet),"Healthcare & Medical, Shopping & Retail"
CVS - INDIA (Mobile),"Healthcare & Medical, Shopping & Retail"
CVS - INDIA (Online),"Healthcare & Medical, Shopping & Retail"
CVS - INDIA (Wire),"Shopping & Retail, Healthcare & Medical"
CVS - INDIA - Dinner Time,"Shopping & Retail, Healthcare & Medical"
CVS - INDIA - Holiday,"Shopping & Retail, Healthcare & Medical"
CVS - INDIA - Lunch Time,"Healthcare & Medical, Shopping & Retail"
CVS - INDIA - Morning,"Healthcare & Medical, Shopping & Retail"
CVS - INDIA - Night,"Healthcare & Medical, Shopping & Retail"
CVS - INDIA - Rush Hour,"Shopping & Retail, Healthcare & Medical"
CVS - INDIA - Weekday,"Shopping & Retail, Healthcare & Medical"
CVS - INDIA - Weekend,"Healthcare & Medical, Shopping & Retail"
CVS - INDIA Airport,"Healthcare & Medical, Shopping & Retail"
CVS - INDIA Branch,"Healthcare & Medical, Shopping & Retail"
CVS - INDIA Business District,"Shopping & Retail, Healthcare & Medical"
CVS - INDIA Center,"Healthcare & Medical, Shopping & Retail"
CVS - INDIA Downtown,"Shopping & Retail, Healthcare & Medical"
CVS - INDIA Online,"Healthcare & Medical, Shopping & Retail"
CVS - INDIA Online (Wire),"Healthcare & Medical, Shopping & Retail"
CVS - INDIA Online Center,"Shopping & Retail, Healthcare & Medical"
CVS - INDIA Online Strip Mall,"Shopping & Retail, Healthcare & Medical"
CVS - INDIA Shopping Center,"Healthcare & Medical, Shopping & Retail"
CVS - INDIA Store,"Healthcare & Medical, Shopping & Retail"
CVS - INDIA Store (Online),"Shopping & Retail, Healthcare & Medical"
CVS - INDIA Store - Evening,"Shopping & Retail, Healthcare & Medical"
CVS - INDIA Store - Rush Hour,"Shopping & Retail, Healthcare & Medical"
CVS - INDIA Store Center,"Healthcare & Medical, Shopping & Retail"
CVS - INDIA Store Residential,"Healthcare & Medical, Shopping & Retail"
CVS - INDIA Strip Mall,"Shopping & Retail, Healthcare & Medical"
CVS - Lunch Time,"Shopping & Retail, Healthcare & Medical"
CVS - Morning,"Healthcare & Medical, Shopping & Retail"
CVS - Night,"Healthcare & Medical, Shopping & Retail"
CVS - Rush Hour,"Shopping & Retail, Healthcare & Medical"
CVS - UK,"Healthcare & Medical, Shopping & Retail"
CVS - UK (ACH),"Shopping & Retail, Healthcare & Medical"
CVS - UK (App),"Healthcare & Medical, Shopping & Retail"
CVS - UK (Bank Transfer),"Shopping & Retail, Healthcare & Medical"
CVS - UK (Card),"Shopping & Retail, Healthcare & Medical"
CVS - UK (Cash),"Healthcare & Medical, Shopping & Retail"
CVS - UK (Digital Wallet),"Shopping & Retail, Healthcare & Medical"
CVS - UK (Mobile),"Shopping & Retail, Healthcare & Medical"
CVS - UK (Online),"Shopping & Retail, Healthcare & Medical"
CVS - UK (Wire),"Shopping & Retail, Healthcare & Medical"
CVS - UK - Afternoon,"Shopping & Retail, Healthcare & Medical"
CVS - UK - Dinner Time,"Healthcare & Medical, Shopping & Retail"
CVS - UK - Evening,"Healthcare & Medical, Shopping & Retail"
CVS - UK - Holiday,"Healthcare & Medical, Shopping & Retail"
CVS - UK - Rush Hour,"Healthcare & Medical, Shopping & Retail"
CVS - UK - Weekend,"Healthcare & Medical, Shopping & Retail"
CVS - UK Branch,"Shopping & Retail, Healthcare & Medical"
CVS - UK Business District,"Healthcare & Medical, Shopping & Retail"
CVS - UK Center,"Healthcare & Medical, Shopping & Retail"
CVS - UK Center Campus,"Shopping & Retail, Healthcare & Medical"
CVS - UK Downtown,"Healthcare & Medical, Shopping & Retail"
CVS - UK Hospital,"Shopping & Retail, Healthcare & Medical"
CVS - UK Mall,"Shopping & Retail, Healthcare & Medical"
CVS - UK Online,"Healthcare & Medical, Shopping & Retail"
CVS - UK Online - Night,"Shopping & Retail, Healthcare & Medical"
CVS - UK Online Branch,"Shopping & Retail, Healthcare & Medical"
CVS - UK Online Campus,"Shopping & Retail, Healthcare & Medical"
CVS - UK Residential,"Healthcare & Medical, Shopping & Retail"
CVS - UK Shopping Center,"Healthcare & Medical, Shopping & Retail"
CVS - UK Station,"Shopping & Retail, Healthcare & Medical"
CVS - UK Store,"Healthcare & Medical, Shopping & Retail"
CVS - UK Store (Card),"Healthcare & Medical, Shopping & Retail"
CVS - UK Store Airport,"Healthcare & Medical, Shopping & Retail"
CVS - UK Store Center,"Healthcare & Medical, Shopping & Retail"
CVS - UK Store Online,"Shopping & Retail, Healthcare & Medical"
CVS - UK Strip Mall,"Shopping & Retail, Healthcare & Medical"
CVS - USA,"Healthcare & Medical, Shopping & Retail"
CVS - USA (ACH),"Shopping & Retail, Healthcare & Medical"
CVS - USA (Bank Transfer),"Shopping & Retail, Healthcare & Medical"
CVS - USA (Cash),"Healthcare & Medical, Shopping & Retail"
CVS - USA (Contactless),"Shopping & Retail, Healthcare & Medical"
CVS - USA (Online),"Shopping & Retail, Healthcare & Medical"
CVS - USA (Wire),"Shopping & Retail, Healthcare & Medical"
CVS - USA - Dinner Time,"Shopping & Retail, Healthcare & Medical"
CVS - USA - Evening,"Shopping & Retail, Healthcare & Medical"
CVS - USA - Holiday,"Shopping & Retail, Healthcare & Medical"
CVS - USA - Lunch Time,"Healthcare & Medical, Shopping & Retail"
CVS - USA - Morning,"Shopping & Retail, Healthcare & Medical"
CVS - USA - Night,"Healthcare & Medical, Shopping & Retail"
CVS - USA - Rush Hour,"Shopping & Retail, Healthcare & Medical"
CVS - USA - Weekday,"Healthcare & Medical, Shopping & Retail"
CVS - USA - Weekend,"Healthcare & Medical, Shopping & Retail"
CVS - USA Airport,"Shopping & Retail, Healthcare & Medical"
CVS - USA Branch,"Healthcare & Medical, Shopping & Retail"
CVS - USA Business District,"Healthcare & Medical, Shopping & Retail"
CVS - USA Campus,"Healthcare & Medical, Shopping & Retail"
CVS - USA Center,"Healthcare & Medical, Shopping & Retail"
CVS - USA Center (Card),"Healthcare & Medical, Shopping & Retail"
CVS - USA Center - Afternoon,"Shopping & Retail, Healthcare & Medical"
CVS - USA Downtown,"Shopping & Retail, Healthcare & Medical"
CVS - USA Mall,"Healthcare & Medical, Shopping & Retail"
CVS - USA Online,"Healthcare & Medical, Shopping & Retail"
CVS - USA Online - Weekend,"Healthcare & Medical, Shopping & Retail"
CVS - USA Residential,"Healthcare & Medical, Shopping & Retail"
CVS - USA Shopping Center,"Shopping & Retail, Healthcare & Medical"
CVS - USA Station,"Healthcare & Medical, Shopping & Retail"
CVS - USA Store,"Healthcare & Medical, Shopping & Retail"
CVS - USA Store (Digital Wallet),"Shopping & Retail, Healthcare & Medical"
CVS - USA Store - Evening,"Healthcare & Medical, Shopping & Retail"
CVS - USA Store - Lunch Time,"Shopping & Retail, Healthcare & Medical"
CVS - USA Store - Weekend,"Healthcare & Medical, Shopping & Retail"
CVS - USA Store Branch,"Shopping & Retail, Healthcare & Medical"
CVS - USA Store Online,"Shopping & Retail, Healthcare & Medical"
CVS - USA Strip Mall,"Shopping & Retail, Healthcare & Medical"
CVS - Weekday,"Healthcare & Medical, Shopping & Retail"
CVS - Weekend,"Shopping & Retail, Healthcare & Medical"
CVS Airport,"Shopping & Retail, Healthcare & Medical"
CVS Branch,"Healthcare & Medical, Shopping & Retail"
CVS Branch (ACH),"Shopping & Retail, Healthcare & Medical"
CVS Branch (App),"Shopping & Retail, Healthcare & Medical"
CVS Branch (Bank Transfer),"Shopping & Retail, Healthcare & Medical"
CVS Branch (Card),"Healthcare & Medical, Shopping & Retail"
CVS Branch (Cash),"Shopping & Retail, Healthcare & Medical"
CVS Branch (Contactless),"Healthcare & Medical, Shopping & Retail"
CVS Branch (Mobile),"Shopping & Retail, Healthcare & Medical"
CVS Branch (Online),"Shopping & Retail, Healthcare & Medical"
CVS Branch (Wire),"Shopping & Retail, Healthcare & Medical"
CVS Branch - Afternoon,"Shopping & Retail, Healthcare & Medical"
CVS Branch - Dinner Time,"Healthcare & Medical, Shopping & Retail"
CVS Branch - Lunch Time,"Shopping & Retail, Healthcare & Medical"
CVS Branch - Morning,"Healthcare & Medical, Shopping & Retail"
CVS Branch - Night,"Shopping & Retail, Healthcare & Medical"
CVS Branch - Rush Hour,"Shopping & Retail, Healthcare & Medical"
CVS Branch - Weekday,"Shopping & Retail, Healthcare & Medical"
CVS Branch - Weekend,"Healthcare & Medical, Shopping & Retail"
CVS Branch Campus,"Shopping & Retail, Healthcare & Medical"
CVS Branch Center,"Healthcare & Medical, Shopping & Retail"
CVS Branch Center - Morning,"Shopping & Retail, Healthcare & Medical"
CVS Branch Downtown,"Healthcare & Medical, Shopping & Retail"
CVS Branch Hospital,"Shopping & Retail, Healthcare & Medical"
CVS Branch Mall,"Healthcare & Medical, Shopping & Retail"
CVS Branch Residential,"Shopping & Retail, Healthcare & Medical"
CVS Branch Shopping Center,"Healthcare & Medical, Shopping & Retail"
CVS Branch Station,"Healthcare & Medical, Shopping & Retail"
CVS Business District,"Shopping & Retail, Healthcare & Medical"
CVS Campus,"Healthcare & Medical, Shopping & Retail"
CVS Center,"Shopping & Retail, Healthcare & Medical"
CVS Center (App),"Shopping & Retail, Healthcare & Medical"
CVS Center (Card),"Shopping & Retail, Healthcare & Medical"
CVS Center (Cash),"Healthcare & Medical, Shopping & Retail"
CVS Center (Contactless),"Shopping & Retail, Healthcare & Medical"
CVS Center (Digital Wallet),"Healthcare & Medical, Shopping & Retail"
CVS Center (Mobile),"Shopping & Retail, Healthcare & Medical"
CVS Center (Online),"Shopping & Retail, Healthcare & Medical"
CVS Center (Wire),"Healthcare & Medical, Shopping & Retail"
CVS Center - Afternoon,"Shopping & Retail, Healthcare & Medical"
CVS Center - Dinner Time,"Healthcare & Medical, Shopping & Retail"
CVS Center - Holiday,"Healthcare & Medical, Shopping & Retail"
CVS Center - Lunch Time,"Shopping & Retail, Healthcare & Medical"
CVS Center - Morning,"Healthcare & Medical, Shopping & Retail"
CVS Center - Night,"Healthcare & Medical, Shopping & Retail"
CVS Center - Rush Hour,"Shopping & Retail, Healthcare & Medical"
CVS Center - Weekday,"Shopping & Retail, Healthcare & Medical"
CVS Center - Weekend,"Shopping & Retail, Healthcare & Medical"
CVS Center Downtown,"Healthcare & Medical, Shopping & Retail"
CVS Center Hospital,"Healthcare & Medical, Shopping & Retail"
CVS Center Mall,"Shopping & Retail, Healthcare & Medical"
CVS Center Residential,"Healthcare & Medical, Shopping & Retail"
CVS Center Shopping Center,"Shopping & Retail, Healthcare & Medical"
CVS Downtown,"Healthcare & Medical, Shopping & Retail"
CVS Hospital,"Healthcare & Medical, Shopping & Retail"
CVS Mall,"Healthcare & Medical, Shopping & Retail"
CVS Online,"Healthcare & Medical, Shopping & Retail"
CVS Online (App),"Shopping & Retail, Healthcare & Medical"
CVS Online (Bank Transfer),"Shopping & Retail, Healthcare & Medical"
CVS Online (Card),"Healthcare & Medical, Shopping & Retail"
CVS Online (Cash),"Healthcare & Medical, Shopping & Retail"
CVS Online (Contactless),"Healthcare & Medical, Shopping & Retail"
CVS Online (Digital Wallet),"Healthcare & Medical, Shopping & Retail"
CVS Online (Mobile),"Shopping & Retail, Healthcare & Medical"
CVS Online (Online),"Healthcare & Medical, Shopping & Retail"
CVS Online (Wire),"Healthcare & Medical, Shopping & Retail"
CVS Online - Afternoon,"Healthcare & Medical, Shopping & Retail"
CVS Online - Dinner Time,"Healthcare & Medical, Shopping & Retail"
CVS Online - Evening,"Healthcare & Medical, Shopping & Retail"
CVS Online - Holiday,"Healthcare & Medical, Shopping & Retail"
CVS Online - Lunch Time,"Healthcare & Medical, Shopping & Retail"
CVS Online - Morning,"Healthcare & Medical, Shopping & Retail"
CVS Online - Night,"Healthcare & Medical, Shopping & Retail"
CVS Online - Rush Hour,"Shopping & Retail, Healthcare & Medical"
CVS Online - Weekday,"Shopping & Retail, Healthcare & Medical"
CVS Online - Weekend,"Shopping & Retail, Healthcare & Medical"
CVS Online Airport,"Healthcare & Medical, Shopping & Retail"
CVS Online Branch,"Shopping & Retail, Healthcare & Medical"
CVS Online Branch - Holiday,"Healthcare & Medical, Shopping & Retail"
CVS Online Business District,"Shopping & Retail, Healthcare & Medical"
CVS Online Campus,"Shopping & Retail, Healthcare & Medical"
CVS Online Center,"Shopping & Retail, Healthcare & Medical"
CVS Online Center - Evening,"Shopping & Retail, Healthcare & Medical"
CVS Online Downtown,"Shopping & Retail, Healthcare & Medical"
CVS Online Hospital,"Shopping & Retail, Healthcare & Medical"
CVS Online Mall,"Healthcare & Medical, Shopping & Retail"
CVS Online Residential,"Shopping & Retail, Healthcare & Medical"
CVS Online Shopping Center,"Healthcare & Medical, Shopping & Retail"
CVS Online Station,"Shopping & Retail, Healthcare & Medical"
CVS Online Strip Mall,"Shopping & Retail, Healthcare & Medical"
CVS Residential,"Healthcare & Medical, Shopping & Retail"
CVS Shopping Center,"Healthcare & Medical, Shopping & Retail"
CVS Station,"Healthcare & Medical, Shopping & Retail"
CVS Store,"Healthcare & Medical, Shopping & Retail"
CVS Store (ACH),"Shopping & Retail, Healthcare & Medical"
CVS Store (App),"Healthcare & Medical, Shopping & Retail"
CVS Store (Bank Transfer),"Shopping & Retail, Healthcare & Medical"
CVS Store (Card),"Healthcare & Medical, Shopping & Retail"
CVS Store (Cash),"Shopping & Retail, Healthcare & Medical"
CVS Store (Contactless),"Shopping & Retail, Healthcare & Medical"
CVS Store (Digital Wallet),"Shopping & Retail, Healthcare & Medical"
CVS Store (Mobile),"Shopping & Retail, Healthcare & Medical"
CVS Store (Online),"Healthcare & Medical, Shopping & Retail"
CVS Store (Wire),"Healthcare & Medical, Shopping & Retail"
CVS Store - Afternoon,"Healthcare & Medical, Shopping & Retail"
CVS Store - Dinner Time,"Healthcare & Medical, Shopping & Retail"
CVS Store - Evening,"Shopping & Retail, Healthcare & Medical"
CVS Store - Holiday,"Healthcare & Medical, Shopping & Retail"
CVS Store - Lunch Time,"Shopping & Retail, Healthcare & Medical"
CVS Store - Morning,"Shopping & Retail, Healthcare & Medical"
CVS Store - Night,"Shopping & Retail, Healthcare & Medical"
CVS Store - Rush Hour,"Healthcare & Medical, Shopping & Retail"
CVS Store - Weekday,"Healthcare & Medical, Shopping & Retail"
CVS Store - Weekend,"Shopping & Retail, Healthcare & Medical"
CVS Store Airport,"Healthcare & Medical, Shopping & Retail"
CVS Store Branch,"Shopping & Retail, Healthcare & Medical"
CVS Store Branch - Afternoon,"Healthcare & Medical, Shopping & Retail"
CVS Store Branch - Night,"Healthcare & Medical, Shopping & Retail"
CVS Store Branch - Weekday,"Healthcare & Medical, Shopping & Retail"
CVS Store Branch Airport,"Shopping & Retail, Healthcare & Medical"
CVS Store Business District,"Shopping & Retail, Healthcare & Medical"
CVS Store Campus,"Shopping & Retail, Healthcare & Medical"
CVS Store Center,"Healthcare & Medical, Shopping & Retail"
CVS Store Center (Online),"Shopping & Retail, Healthcare & Medical"
CVS Store Downtown,"Healthcare & Medical, Shopping & Retail"
CVS Store Hospital,"Healthcare & Medical, Shopping & Retail"
CVS Store Mall,"Shopping & Retail, Healthcare & Medical"
CVS Store Online,"Healthcare & Medical, Shopping & Retail"
CVS Store Online (Card),"Shopping & Retail, Healthcare & Medical"
CVS Store Online (Cash),"Shopping & Retail, Healthcare & Medical"
CVS Store Online - Rush Hour,"Shopping & Retail, Healthcare & Medical"
CVS Store Online - Weekend,"Shopping & Retail, Healthcare & Medical"
CVS Store Online Mall,"Healthcare & Medical, Shopping & Retail"
CVS Store Residential,"Healthcare & Medical, Shopping & Retail"
CVS Store Shopping Center,"Healthcare & Medical, Shopping & Retail"
CVS Store Station,"Healthcare & Medical, Shopping & Retail"
CVS Store Strip Mall,"Healthcare & Medical, Shopping & Retail"
CVS Strip Mall,"Shopping & Retail, Healthcare & Medical"
Frontier,"Utilities & Services, Transportation"
Frontier #1073,"Utilities & Services, Transportation"
Frontier #1177,"Utilities & Services, Transportation"
Frontier #1495,"Transportation, Utilities & Services"
Frontier #1568,"Transportation, Utilities & Services"
Frontier #1692 Store,"Utilities & Services, Transportation"
Frontier #2001 Online,"Utilities & Services, Transportation"
Frontier #2281,"Utilities & Services, Transportation"
Frontier #2599,"Utilities & Services, Transportation"
Frontier #3194,"Utilities & Services, Transportation"
Frontier #3427 Store,"Utilities & Services, Transportation"
Frontier #3497,"Utilities & Services, Transportation"
Frontier #3596,"Transportation, Utilities & Services"
Frontier #3596 - Lunch Time,"Transportation, Utilities & Services"
Frontier #3674,"Utilities & Services, Transportation"
Frontier #3687,"Utilities & Services, Transportation"
Frontier #4040,"Utilities & Services, Transportation"
Frontier #4118 Store,"Utilities & Services, Transportation"
Frontier #4223,"Transportation, Utilities & Services"
Frontier #4258,"Utilities & Services, Transportation"
Frontier #4417,"Transportation, Utilities & Services"
Frontier #4457,"Transportation, Utilities & Services"
Frontier #4604,"Transportation, Utilities & Services"
Frontier #4668,"Transportation, Utilities & Services"
Frontier #4801,"Utilities & Services, Transportation"
Frontier #5153,"Utilities & Services, Transportation"
Frontier #5379,"Utilities & Services, Transportation"
Frontier #5426 Store,"Transportation, Utilities & Services"
Frontier #5481,"Transportation, Utilities & Services"
Frontier #5583,"Utilities & Services, Transportation"
Frontier #5669,"Transportation, Utilities & Services"
Frontier #5951,"Transportation, Utilities & Services"
Frontier #6249,"Transportation, Utilities & Services"
Frontier #6399,"Utilities & Services, Transportation"
Frontier #6830,"Utilities & Services, Transportation"
Frontier #7152,"Transportation, Utilities & Services"
Frontier #7335,"Utilities & Services, Transportation"
Frontier #7335 Downtown,"Transportation, Utilities & Services"
Frontier #7433,"Utilities & Services, Transportation"
Frontier #7450,"Transportation, Utilities & Services"
Frontier #7516,"Transportation, Utilities & Services"
Frontier #7606,"Transportation, Utilities & Services"
Frontier #7758,"Transportation, Utilities & Services"
Frontier #8078,"Utilities & Services, Transportation"
Frontier #8431,"Transportation, Utilities & Services"
Frontier #8433,"Transportation, Utilities & Services"
Frontier #8785,"Utilities & Services, Transportation"
Frontier #8849,"Utilities & Services, Transportation"
Frontier #9134,"Utilities & Services, Transportation"
Frontier #9804,"Transportation, Utilities & Services"
Frontier (ACH),"Utilities & Services, Transportation"
Frontier (App),"Transportation, Utilities & Services"
Frontier (Bank Transfer),"Transportation, Utilities & Services"
Frontier (Card),"Utilities & Services, Transportation"
Frontier (Cash),"Transportation, Utilities & Services"
Frontier (Contactless),"Utilities & Services, Transportation"
Frontier (Digital Wallet),"Transportation, Utilities & Services"
Frontier (Mobile),"Utilities & Services, Transportation"
Frontier (Online),"Transportation, Utilities & Services"
Frontier (Wire),"Utilities & Services, Transportation"
Frontier - AUSTRALIA,"Utilities & Services, Transportation"
Frontier - AUSTRALIA (App),"Utilities & Services, Transportation"
Frontier - AUSTRALIA (Bank Transfer),"Utilities & Services, Transportation"
Frontier - AUSTRALIA (Card),"Utilities & Services, Transportation"
Frontier - AUSTRALIA (Cash),"Utilities & Services, Transportation"
Frontier - AUSTRALIA (Contactless),"Utilities & Services, Transportation"
Frontier - AUSTRALIA (Digital Wallet),"Transportation, Utilities & Services"
Frontier - AUSTRALIA (Mobile),"Transportation, Utilities & Services"
Frontier - AUSTRALIA - Evening,"Utilities & Services, Transportation"
Frontier - AUSTRALIA - Holiday,"Utilities & Services, Transportation"
Frontier - AUSTRALIA - Lunch Time,"Utilities & Services, Transportation"
Frontier - AUSTRALIA - Morning,"Transportation, Utilities & Services"
Frontier - AUSTRALIA - Night,"Utilities & Services, Transportation"
Frontier - AUSTRALIA - Rush Hour,"Transportation, Utilities & Services"
Frontier - AUSTRALIA - Weekday,"Utilities & Services, Transportation"
Frontier - AUSTRALIA Airport,"Utilities & Services, Transportation"
Frontier - AUSTRALIA Branch,"Transportation, Utilities & Services"
Frontier - AUSTRALIA Campus,"Transportation, Utilities & Services"
Frontier - AUSTRALIA Center,"Transportation, Utilities & Services"
Frontier - AUSTRALIA Hospital,"Transportation, Utilities & Services"
Frontier - AUSTRALIA Mall,"Utilities & Services, Transportation"
Frontier - AUSTRALIA Online,"Utilities & Services, Transportation"
Frontier - AUSTRALIA Online Branch,"Utilities & Services, Transportation"
Frontier - AUSTRALIA Shopping Center,"Utilities & Services, Transportation"
Frontier - AUSTRALIA Station,"Transportation, Utilities & Services"
Frontier - AUSTRALIA Store,"Transportation, Utilities & Services"
Frontier - AUSTRALIA Store (Contactless),"Transportation, Utilities & Services"
Frontier - AUSTRALIA Store (Online),"Utilities & Services, Transportation"
Frontier - AUSTRALIA Store Online,"Utilities & Services, Transportation"
Frontier - AUSTRALIA Strip Mall,"Utilities & Services, Transportation"
Frontier - Afternoon,"Transportation, Utilities & Services"
Frontier - CANADA,"Utilities & Services, Transportation"
Frontier - CANADA (Card),"Utilities & Services, Transportation"
Frontier - CANADA (Cash),"Transportation, Utilities & Services"
Frontier - CANADA (Contactless),"Transportation, Utilities & Services"
Frontier - CANADA (Online),"Transportation, Utilities & Services"
Frontier - CANADA (Wire),"Utilities & Services, Transportation"
Frontier - CANADA - Afternoon,"Utilities & Services, Transportation"
Frontier - CANADA - Dinner Time,"Utilities & Services, Transportation"
Frontier - CANADA - Evening,"Utilities & Services, Transportation"
Frontier - CANADA - Holiday,"Utilities & Services, Transportation"
Frontier - CANADA - Lunch Time,"Utilities & Services, Transportation"
Frontier - CANADA - Morning,"Utilities & Services, Transportation"
Frontier - CANADA - Night,"Utilities & Services, Transportation"
Frontier - CANADA - Weekday,"Utilities & Services, Transportation"
Frontier - CANADA Branch,"Utilities & Services, Transportation"
Frontier - CANADA Branch Center,"Transportation, Utilities & Services"
Frontier - CANADA Business District,"Utilities & Services, Transportation"
Frontier - CANADA Center,"Transportation, Utilities & Services"
Frontier - CANADA Downtown,"Transportation, Utilities & Services"
Frontier - CANADA Hospital,"Transportation, Utilities & Services"
Frontier - CANADA Mall,"Utilities & Services, Transportation"
Frontier - CANADA Online,"Utilities & Services, Transportation"
Frontier - CANADA Online Branch,"Utilities & Services, Transportation"
Frontier - CANADA Shopping Center,"Transportation, Utilities & Services"
Frontier - CANADA Station,"Utilities & Services, Transportation"
Frontier - CANADA Store,"Utilities & Services, Transportation"
Frontier - CANADA Store - Evening,"Transportation, Utilities & Services"
Frontier - CANADA Store - Night,"Transportation, Utilities & Services"
Frontier - CANADA Store - Weekday,"Transportation, Utilities & Services"
Frontier - CANADA Store Hospital,"Transportation, Utilities & Services"
Frontier - CANADA Store Strip Mall,"Transportation, Utilities & Services"
Frontier - CANADA Strip Mall,"Utilities & Services, Transportation"
Frontier - Dinner Time,"Utilities & Services, Transportation"
Frontier - Evening,"Utilities & Services, Transportation"
Frontier - Holiday,"Utilities & Services, Transportation"
Frontier - INDIA,"Transportation, Utilities & Services"
Frontier - INDIA (ACH),"Transportation, Utilities & Services"
Frontier - INDIA (App),"Utilities & Services, Transportation"
