Original Description,Preprocessed Description,Category
Exxon - CANADA Store,exxon - canada store,Transportation
Dunkin' Donuts - USA Branch,dunkin donuts - usa branch,Food & Dining
Zoo - INDIA Store - Night,zoo - india store - night,Entertainment & Recreation
Lyft - UK Branch,lyft - uk branch,Transportation
Ulta #9601 Store (Cash),ulta #9601 store cash,Shopping & Retail
SPCA - INDIA (Online),spca - india online,Charity & Donations
Full-time - UK Center,full-time - uk center,Income
Chevron,chevron,Transportation
Humane Society,humane society,Charity & Donations
Stanford Health #8765 Center Residential,stanford health #8765 center residential,Healthcare & Medical
Mobile Hotspot #1041,mobile hotspot #1041,Utilities & Services
Costco - Evening,costco - evening,Shopping & Retail
Local Food Bank Online - Morning,local food bank online - morning,Charity & Donations
Santander,santander,Financial Services
Costco - UK,costco - uk,Shopping & Retail
Consulting - USA Store (Bank Transfer),consulting - usa store bank transfer,Income
DSL #4546,dsl #4546,Utilities & Services
Unemployment #3995 Mall,unemployment #3995 mall,Income
Cable Internet,cable internet,Utilities & Services
Community Bank #7603,community bank #7603,Financial Services
Escape Room,escape room,Entertainment & Recreation
Paternity Leave #4133 Online Center,paternity leave #4133 online center,Income
Subway #3794 - Dinner Time,subway #3794 - dinner time,Food & Dining
Escape Room - Weekday,escape room - weekday,Entertainment & Recreation
Walmart Store Branch,walmart store branch,Shopping & Retail
Goodwill - USA Center,goodwill - usa center,Charity & Donations
Bergdorf Goodman,bergdorf goodman,Shopping & Retail
Occupational Therapy #9680,occupational therapy #9680,Healthcare & Medical
Urgent Care #5769 (Cash),urgent care #5769 cash,Healthcare & Medical
Donation #3603,donation #3603,Charity & Donations
OfficeMax Store - Weekend,officemax store - weekend,Shopping & Retail
Bergdorf Goodman,bergdorf goodman,Shopping & Retail
Rite Aid - CANADA (ACH),rite aid - canada ach,Shopping & Retail
Overtime - INDIA,overtime - india,Income
Zipcar #7743,zipcar #7743,Transportation
Bowling Alley Online Business District,bowling alley online business district,Entertainment & Recreation
Blood Test #9561 - INDIA Center TXN778224,blood test #9561 - india center txn778224,Healthcare & Medical
Lowe's,lowe s,Shopping & Retail
Maternity Leave - AUSTRALIA,maternity leave - australia,Income
Gynecologist #1262 Store,gynecologist #1262 store,Healthcare & Medical
Festival,festival,Entertainment & Recreation
Blood Test,blood test,Healthcare & Medical
Insurance #3308 - UK,insurance #3308 - uk,Financial Services
DMV Branch - Evening,dmv branch - evening,Government & Legal
Full-time,full-time,Income
County Clerk - UK,county clerk - uk,Government & Legal
Broadband Branch - Dinner Time,broadband branch - dinner time,Utilities & Services
Habitat for Humanity #1288 - CANADA,habitat for humanity #1288 - canada,Charity & Donations
SEPTA Online,septa online,Transportation
Federal Building Strip Mall,federal building strip mall,Government & Legal
